{
    "Correct posture": {
        "mean": -1.2226918671459528,
        "std": 5.460829023621798,
        "min": -16.428344999999922,
        "max": 8.995789000000059,
        "range": 25.42413399999998
    },
    "Wrong Posture": {
        "mean": 7.014652681508641,
        "std": 12.83952714025456,
        "min": -14.341674000000012,
        "max": 23.832885000000033,
        "range": 38.174559000000045
    },
    "Wrong Posture-2": {
        "mean": -13.129626955,
        "std": 7.404390202407024,
        "min": -24.468384000000015,
        "max": 10.699158000000011,
        "range": 35.167542000000026
    }
}