{
    "Correct posture": {
        "mean": 8.317346838404807,
        "std": 2.3160414078639735,
        "min": 1.8408721578367864,
        "max": 12.842658496299387,
        "range": 11.001786338462601
    },
    "Wrong Posture": {
        "mean": 12.053946642642366,
        "std": 6.303527540203206,
        "min": 2.632045422813737,
        "max": 20.525268401481508,
        "range": 17.893222978667772
    },
    "Wrong Posture-2": {
        "mean": 9.16186170260964,
        "std": 1.964396689159397,
        "min": 5.8285963515851735,
        "max": 23.35489541498767,
        "range": 17.526299063402497
    }
}