{
    "Correct posture": {
        "mean": 9.972240603143703,
        "std": 1.7072343148438918,
        "min": 4.943554267732488,
        "max": 12.241418474143037,
        "range": 7.297864206410549
    },
    "Wrong Posture": {
        "mean": 10.541922608905756,
        "std": 2.2507363809012673,
        "min": 6.857736630919475,
        "max": 14.027399804705114,
        "range": 7.169663173785639
    },
    "Wrong Posture-2": {
        "mean": 7.288618031764754,
        "std": 1.1689564144527542,
        "min": 2.7770049664710497,
        "max": 8.675860194225788,
        "range": 5.898855227754738
    }
}