{
    "Correct posture": {
        "mean": 76.1603285622015,
        "std": 4.145709572209065,
        "min": 51.536092395870945,
        "max": 90.14379972252412,
        "range": 38.60770732665318
    },
    "Wrong Posture": {
        "mean": 72.10310339753337,
        "std": 5.0936412243961025,
        "min": 49.48048037372816,
        "max": 83.33779294791272,
        "range": 33.857312574184554
    },
    "Wrong Posture-2": {
        "mean": 69.15694992945983,
        "std": 6.364490822123691,
        "min": 46.066453172949316,
        "max": 75.81703113633306,
        "range": 29.75057796338374
    }
}