{
    "Correct posture": {
        "mean": 134.64814270501708,
        "std": 10.135727419943171,
        "min": 109.0033598984466,
        "max": 144.9308546003036,
        "range": 35.927494701857
    },
    "Wrong Posture": {
        "mean": 125.6994044930143,
        "std": 10.537841402965471,
        "min": 100.97283263447873,
        "max": 144.54902991127878,
        "range": 43.576197276800045
    }
}