{
    "Correct posture": {
        "mean": 31.839961109756533,
        "std": 0.1501578994733872,
        "min": 30.962398850805265,
        "max": 32.16833506822593,
        "range": 1.205936217420664
    },
    "Wrong Posture": {
        "mean": 48.80401679539557,
        "std": 1.3474995373365548,
        "min": 42.619273655593794,
        "max": 49.51771401426557,
        "range": 6.8984403586717775
    }
}