{
    "Correct posture": {
        "mean": 26.839538932124437,
        "std": 0.3416814027977978,
        "min": 25.67630424796321,
        "max": 28.355544109660194,
        "range": 2.679239861696985
    },
    "Wrong Posture": {
        "mean": 42.17497208250091,
        "std": 1.0901091513921823,
        "min": 36.71000141781636,
        "max": 43.99296495153263,
        "range": 7.28296353371627
    }
}